{
  "name": "angular-route",
  "version": "1.6.9",
  "license": "MIT",
  "main": "./angular-route.js",
  "ignore": [],
  "dependencies": {
    "angular": "1.6.9"
  },
  "homepage": "https://github.com/angular/bower-angular-route",
  "_release": "1.6.9",
  "_resolution": {
    "type": "version",
    "tag": "v1.6.9",
    "commit": "93b5dc381eeccf1e3c74dffb9bf8d4df45c95819"
  },
  "_source": "https://github.com/angular/bower-angular-route.git",
  "_target": "*",
  "_originalSource": "angular-route"
}